{
    "venues": {
        "99f30682-caa5-464b-9527-961ade4903ba": {
            "city": "Moore Park",
            "state": "NSW",
            "postal": "2021",
            "lat": -33.8915316,
            "lng": 151.2248515,
            "housenumber": "",
            "country": "Australia",
            "type": "venue"
        },
        "58c1c80f-b4e2-4d77-bdd2-ad4a920af559": {
            "city": "Abbotsford",
            "state": "VIC",
            "postal": "3067",
            "lat": -37.8105167,
            "lng": 144.9822987,
            "housenumber": "",
            "country": "Australia",
            "type": "venue"
        },
        "a872a4e3-53c1-43e7-8af2-79263f5d80d3": {
            "city": "Canton",
            "state": "OH",
            "postal": "44708",
            "lat": 40.8198713,
            "lng": -81.4028911,
            "housenumber": "",
            "country": "USA",
            "type": "venue"
        },
        "7b9c3f52-bb1a-43d9-b074-4b39f5ab12ef": {
            "city": "East Rutherford",
            "state": "NJ",
            "postal": "07073",
            "lat": 40.8135064,
            "lng": -74.0770319,
            "housenumber": "1",
            "country": "USA",
            "type": "venue"
        },
        "3219c262-e48f-46bf-94fe-fb037f71dad8": {
            "city": "Foxborough",
            "state": "MA",
            "postal": "02035",
            "lat": 42.0909458,
            "lng": -71.2669214,
            "housenumber": "1",
            "country": "USA",
            "type": "venue"
        },
        "5596c265-234f-40a0-8dab-88d5a7d91858": {
            "city": "Pittsburgh",
            "state": "PA",
            "postal": "15212",
            "lat": 40.4467648,
            "lng": -80.0183352,
            "housenumber": "100",
            "country": "USA",
            "type": "venue"
        },
        "b7636e4f-4eb7-4874-8a90-84a0a089b99b": {
            "city": "Miami Gardens",
            "state": "FL",
            "postal": "33056",
            "lat": 25.958326,
            "lng": -80.2421728,
            "housenumber": "100",
            "country": "USA",
            "type": "venue"
        },
        "210e9d8a-9efb-47c6-bcda-bad075616325": {
            "city": "Baltimore",
            "state": "FL",
            "postal": "21230",
            "lat": 39.2778666,
            "lng": -76.6255186,
            "housenumber": "101",
            "country": "USA",
            "type": "venue"
        },
        "450b65a8-9438-4862-98cd-accb388e9181": {
            "city": "Orchard Park",
            "state": "NY",
            "postal": "14127",
            "lat": 42.7737546,
            "lng": -78.7895472,
            "housenumber": "1",
            "country": "USA",
            "type": "venue"
        },
        "ec23924c-3173-4b73-ad55-6409bf933efe": {
            "city": "University Park",
            "state": "PA",
            "postal": "",
            "lat": 40.798333,
            "lng": -77.86,
            "housenumber": "",
            "country": "USA",
            "type": "college"
        },
        "09304247-040e-483f-998c-d87534f8c3f1": {
            "city": "Providence",
            "state": "RI",
            "postal": "",
            "lat": 41.843889,
            "lng": -71.435,
            "housenumber": "",
            "country": "USA",
            "type": "college"
        },
        "d901dd5d-4ac8-476d-8d25-19d8b472b49f": {
            "city": "Lubbock",
            "state": "TX",
            "postal": "79407",
            "lat": 33.591111,
            "lng": -101.872778,
            "housenumber": "2526",
            "country": "USA",
            "type": "venue"
        },
        "b3c4809c-b5fd-4ab4-ba48-5e39089b8b09": {
            "city": "Glendale",
            "state": "AZ",
            "postal": "",
            "lat": 33.531944,
            "lng": -112.261111,
            "housenumber": "",
            "country": "USA",
            "type": "venue"
        },
        "18400cae-6aec-4966-9587-4b2fc362e91a": {
            "city": "Mexico City",
            "state": "CDMX",
            "postal": "",
            "lat": 19.404,
            "lng": -99.0855,
            "housenumber": "",
            "country": "Mexico",
            "type": "venue"
        },
        "b51fc52b-4254-4ef3-ae31-3b0ad5b75b91": {
            "city": "Towson",
            "state": "MD",
            "postal": "",
            "lat": 39.394444,
            "lng": -76.608333,
            "housenumber": "",
            "country": "USA",
            "type": "college"
        },
        "5daabad8-94b4-47e5-953d-c86d30618c99": {
            "city": "Minneapolis",
            "state": "MN",
            "postal": "55415",
            "lat": 44.9736461,
            "lng": -93.2600694,
            "housenumber": "401",
            "country": "USA",
            "type": "venue"
        },
        "1163c6fe-3065-422e-8bea-3486697c4774": {
            "city": "Lawrenceville",
            "state": "NJ",
            "postal": "",
            "lat": 40.28,
            "lng": -74.738,
            "housenumber": "",
            "country": "USA",
            "type": "college"
        },
        "6011a1cb-8ab9-42be-9d22-d90c403f9d1d": {
            "city": "Cleveland",
            "state": "OH",
            "postal": "44114",
            "lat": 41.5060535,
            "lng": -81.702123,
            "housenumber": "100",
            "country": "USA",
            "type": "venue"
        },
        "6cd34760-1f9e-439d-8dd9-f6a6c627672d": {
            "city": "Boise",
            "state": "ID",
            "postal": "83706",
            "lat": 43.603,
            "lng": -116.196,
            "housenumber": "1400",
            "country": "USA",
            "type": "venue"
        },
        "2c1e4fba-1baa-403d-8292-1ea373f29813": {
            "city": "Jacksonville",
            "state": "FL",
            "postal": "32202",
            "lat": 30.3239099,
            "lng": -81.6399246,
            "housenumber": "1",
            "country": "USA",
            "type": "venue"
        },
        "750518c9-729a-4d0b-bd3a-6e38fa7a3ec9": {
            "city": "Uniondale",
            "state": "NY",
            "postal": "",
            "lat": 40.722778,
            "lng": -73.590556,
            "housenumber": "1255",
            "country": "USA",
            "type": "venue"
        },
        "6d8bba96-9e07-49d2-8049-b6418652f097": {
            "city": "Nashville",
            "state": "TN",
            "postal": "37213",
            "lat": 36.166469,
            "lng": -86.7738744,
            "housenumber": "1",
            "country": "USA",
            "type": "venue"
        },
        "12a7f917-294d-4750-9b50-b110ffb23172": {
            "city": "San Diego",
            "state": "CA",
            "postal": "92101",
            "lat": 32.7073,
            "lng": -117.1566,
            "housenumber": "100",
            "country": "USA",
            "type": "venue"
        },
        "d6652130-78e1-4e66-96d7-c67cff3b8f57": {
            "city": "Cincinnati",
            "state": "OH",
            "postal": "45202",
            "lat": 39.0954576,
            "lng": -84.5186326,
            "housenumber": "1",
            "country": "USA",
            "type": "venue"
        },
        "73955208-3bf4-4cb2-910a-4b378bb32e5f": {
            "city": "London",
            "state": "",
            "postal": "N7 7AJ",
            "lat": 51.556667,
            "lng": -0.106111,
            "housenumber": "",
            "country": "UK",
            "type": "venue"
        },
        "6e6ff45a-cf0a-4a15-a042-f3832491acd4": {
            "city": "Inglewood",
            "state": "CA",
            "postal": "90301",
            "lat": 33.9534651,
            "lng": -118.3416145,
            "housenumber": "1001",
            "country": "USA",
            "type": "venue"
        },
        "b9dbb46f-ce57-402c-b93c-c1895414b252": {
            "city": "Peoria",
            "state": "IL",
            "postal": "",
            "lat": 40.6981,
            "lng": -89.6169,
            "housenumber": "",
            "country": "USA",
            "type": "college"
        },
        "6bd78242-34a9-40e2-841c-747455d93542": {
            "city": "Glendale",
            "state": "AZ",
            "postal": "85305",
            "lat": 33.5276247,
            "lng": -112.2651342,
            "housenumber": "1001",
            "country": "USA",
            "type": "venue"
        },
        "d324a072-025e-4f64-98c9-ea90dd0c0478": {
            "city": "Las Cruces",
            "state": "NM",
            "postal": "88003",
            "lat": 32.27949,
            "lng": -106.744288,
            "housenumber": "",
            "country": "USA",
            "type": "venue"
        },
        "51b4f652-ab49-4c88-899f-570a0a4b4d97": {
            "city": "Indianapolis",
            "state": "IN",
            "postal": "46225",
            "lat": 39.7601007,
            "lng": -86.1664626,
            "housenumber": "500",
            "country": "USA",
            "type": "venue"
        },
        "c2d6a773-c009-4fc7-bc8d-21ab92b17a0b": {
            "city": "Houston",
            "state": "TX",
            "postal": "77054",
            "lat": 29.6847219,
            "lng": -95.4132823,
            "housenumber": "",
            "country": "USA",
            "type": "venue"
        },
        "df5de05a-c2e5-4f74-b7ad-5cc900296d68": {
            "city": "Lidkoping",
            "state": "",
            "postal": "",
            "lat": 58.5,
            "lng": 13.183333,
            "housenumber": "",
            "country": "Sweden",
            "type": "suburb"
        },
        "6288704d-be17-469f-acfd-203d9f923c11": {
            "city": "Chicago",
            "state": "IL",
            "postal": "60605",
            "lat": 41.8623132,
            "lng": -87.6192633,
            "housenumber": "1410",
            "country": "USA",
            "type": "venue"
        },
        "8685f819-e3c0-4452-9e73-008e3757b027": {
            "city": "Puerto Ordaz",
            "state": "Bolivar",
            "postal": "",
            "lat": 8.275035,
            "lng": -62.755826,
            "housenumber": "",
            "country": "Venezuela",
            "type": "suburb"
        },
        "b6e806a0-61cb-4a49-8384-701a2ae61180": {
            "city": "Kansas City",
            "state": "MO",
            "postal": "64129",
            "lat": 39.0489647,
            "lng": -94.486589,
            "housenumber": "1",
            "country": "USA",
            "type": "venue"
        },
        "697520ca-d03b-45b1-a913-afe3d13a3371": {
            "city": "London",
            "state": "",
            "postal": "SW6 1HS",
            "lat": 51.481667,
            "lng": -0.191111,
            "housenumber": "",
            "country": "UK",
            "type": "venue"
        },
        "543d7f78-3dd0-4046-a366-80ca231e8898": {
            "city": "Charlotte",
            "state": "NC",
            "postal": "28202",
            "lat": 35.2257795,
            "lng": -80.8555399,
            "housenumber": "800",
            "country": "USA",
            "type": "venue"
        },
        "36dab08e-0823-479d-9022-a4c6ee6c3b08": {
            "city": "Mexico City",
            "state": "",
            "postal": "04650",
            "lat": 19.496309,
            "lng": -99.175429,
            "housenumber": "",
            "country": "Mexico",
            "type": "venue"
        },
        "dee41f25-1309-40d8-a8e3-b7ee6b01cec0": {
            "city": "Philadelphia",
            "state": "PA",
            "postal": "",
            "lat": 40.03925,
            "lng": -75.15325,
            "housenumber": "",
            "country": "USA",
            "type": "college"
        },
        "8ca30336-3e75-42f8-bb46-0241fe1697f3": {
            "city": "Las Vegas",
            "state": "NV",
            "postal": "89118",
            "lat": 36.0908665,
            "lng": -115.1858971,
            "housenumber": "3333",
            "country": "USA",
            "type": "venue"
        },
        "845a387c-642c-4690-b353-ba92bf132a88": {
            "city": "Denver",
            "state": "CO",
            "postal": "80204",
            "lat": 39.7438895,
            "lng": -105.0226843,
            "housenumber": "1701",
            "country": "USA",
            "type": "venue"
        },
        "c1e0afe0-4e36-4826-a949-53a4649416f9": {
            "city": "El Paso",
            "state": "TX",
            "postal": "",
            "lat": 31.773,
            "lng": -106.508,
            "housenumber": "2701",
            "country": "USA",
            "type": "venue"
        },
        "26104f94-3216-41e8-83f2-2f42af795b2e": {
            "city": "Santa Clara",
            "state": "CA",
            "postal": "95054",
            "lat": 37.4033165,
            "lng": -121.9719523,
            "housenumber": "4900",
            "country": "USA",
            "type": "venue"
        },
        "41307395-a924-4b45-be89-7ea5d2e24dd6": {
            "city": "Atlanta",
            "state": "GA",
            "postal": "30313",
            "lat": 33.7553232,
            "lng": -84.4031654,
            "housenumber": "1",
            "country": "USA",
            "type": "venue"
        },
        "b0a4fafb-dd4d-44e3-b881-93d548847cec": {
            "city": "Tempe",
            "state": "AZ",
            "postal": "",
            "lat": 33.426667,
            "lng": -111.928611,
            "housenumber": "411",
            "country": "USA",
            "type": "venue"
        },
        "10af3d09-3070-42bb-8ab1-53e8014fa31c": {
            "city": "Tampa",
            "state": "FL",
            "postal": "33607",
            "lat": 27.9758691,
            "lng": -82.5059093,
            "housenumber": "4201",
            "country": "USA",
            "type": "venue"
        },
        "5eb492b6-8472-4691-94a7-36a30fb59f1e": {
            "city": "West Sacramento",
            "state": "CA",
            "postal": "",
            "lat": 38.580372,
            "lng": -121.5138,
            "housenumber": "400",
            "country": "USA",
            "type": "venue"
        },
        "c086b3b8-857f-4bfb-a3a4-60acbbf07685": {
            "city": "Green Bay",
            "state": "WI",
            "postal": "54304",
            "lat": 44.5013406,
            "lng": -88.0647832,
            "housenumber": "1265",
            "country": "USA",
            "type": "venue"
        },
        "de7d8506-d16d-4dda-b542-d2a9f11f9a80": {
            "city": "Blackburn",
            "state": "Lancashire",
            "postal": "BB2 4JF",
            "lat": 53.728611,
            "lng": -2.489167,
            "housenumber": "",
            "country": "UK",
            "type": "venue"
        },
        "e30221e9-51f0-4320-a6ab-209ca1b1fcab": {
            "city": "Philadelphia",
            "state": "PA",
            "postal": "19148",
            "lat": 39.9013695,
            "lng": -75.1700964,
            "housenumber": "",
            "country": "USA",
            "type": "venue"
        },
        "1f42a181-7ce3-4a8b-8b93-6dd590a9a360": {
            "city": "Paris",
            "state": "Ile-de-France",
            "postal": "",
            "lat": 48.838611,
            "lng": 2.378611,
            "housenumber": "8",
            "country": "France",
            "type": "venue"
        },
        "1099a24f-e376-4b5c-b635-240f260cd23b": {
            "city": "Detroit",
            "state": "MI",
            "postal": "48226",
            "lat": 42.3400064,
            "lng": -83.0481779,
            "housenumber": "2000",
            "country": "USA",
            "type": "venue"
        },
        "a14302f8-4be7-499f-a4db-eabdbf542cde": {
            "city": "Tucson",
            "state": "AZ",
            "postal": "85719",
            "lat": 32.229,
            "lng": -110.949,
            "housenumber": "545",
            "country": "USA",
            "type": "venue"
        },
        "904f986e-83c9-4dce-bed4-a16ea3f76eb4": {
            "city": "Arlington",
            "state": "TX",
            "postal": "76011",
            "lat": 32.7479966,
            "lng": -97.0959914,
            "housenumber": "1",
            "country": "USA",
            "type": "venue"
        },
        "fdeac258-f422-40ee-aeab-cd760b4dfb79": {
            "city": "Landover",
            "state": "MD",
            "postal": "20785",
            "lat": 38.9081324,
            "lng": -76.8665633,
            "housenumber": "1600",
            "country": "USA",
            "type": "venue"
        },
        "9e532228-dacd-4323-8e69-565073dc5b8f": {
            "city": "Seattle",
            "state": "WA",
            "postal": "98134",
            "lat": 47.5951518,
            "lng": -122.3342143,
            "housenumber": "800",
            "country": "USA",
            "type": "venue"
        },
        "a97e1e30-a0ac-42f8-b95b-dca8a6828769": {
            "city": "San Francisco",
            "state": "CA",
            "postal": "",
            "lat": 37.778611,
            "lng": -122.389167,
            "housenumber": "24",
            "country": "USA",
            "type": "venue"
        },
        "b96a1332-d63b-45e0-9e1d-9f574adf386a": {
            "city": "New Orleans",
            "state": "LA",
            "postal": "70112",
            "lat": 29.951061,
            "lng": -90.0838191,
            "housenumber": "1500",
            "country": "USA",
            "type": "venue"
        },
        "eb777022-f027-41b7-9b78-27153091ff3d": {
            "city": "Liverpool",
            "state": "",
            "postal": "",
            "lat": 53.438889,
            "lng": -2.966389,
            "housenumber": "",
            "country": "UK",
            "type": "venue"
        },
        "23e7778f-d138-48c8-8401-5d2f275354c9": {
            "city": "São Paulo",
            "state": "SP",
            "postal": "08295-005",
            "lat": -23.5453134,
            "lng": -46.4768041,
            "housenumber": "111",
            "country": "Brazil",
            "type": "venue"
        },
        "f50cbb08-adcb-489b-9fcd-adde32f17ee8": {
            "city": "Cullowhee",
            "state": "NC",
            "postal": "",
            "lat": 35.309722,
            "lng": -83.183333,
            "housenumber": "",
            "country": "USA",
            "type": "college"
        },
        "b1e15bb5-ca65-4c0a-a5f4-c6477c392fef": {
            "city": "London",
            "state": "",
            "postal": "N17 0BX",
            "lat": 51.6042204,
            "lng": -0.071094,
            "housenumber": "782",
            "country": "UK",
            "type": "venue"
        },
        "a9e2fa02-4eb3-45c2-9663-f3bcaf567726": {
            "city": "Birmingham",
            "state": "AL",
            "postal": "",
            "lat": 33.52378,
            "lng": -86.812935,
            "housenumber": "2100",
            "country": "USA",
            "type": "venue"
        },
        "83a236ad-19c2-46ed-9c72-3a14736c17cf": {
            "city": "Wembley",
            "state": "",
            "postal": "HA9 0WS",
            "lat": 51.5560247,
            "lng": -0.2821926,
            "housenumber": "",
            "country": "UK",
            "type": "venue"
        },
        "5d8bbf93-1288-4569-b28a-e395aa3b5015": {
            "city": "Chapel Hill",
            "state": "NC",
            "postal": "27514",
            "lat": 35.906944,
            "lng": -79.047778,
            "housenumber": "78",
            "country": "USA",
            "type": "venue"
        },
        "3fb131f7-c9b1-4fac-aa97-5521387414ce": {
            "city": "Minneapolis",
            "state": "MN",
            "postal": "55415",
            "lat": 44.9736461,
            "lng": -93.2600694,
            "housenumber": "401",
            "country": "USA",
            "type": "venue"
        },
        "ba2badaf-4f4d-47c1-bd9c-ce20c944165f": {
            "city": "Detroit",
            "state": "MI",
            "postal": "",
            "lat": 42.325278,
            "lng": -83.051389,
            "housenumber": "19",
            "country": "USA",
            "type": "venue"
        },
        "379ce6a2-2b84-4a80-811f-cbab46b6d4c8": {
            "city": "München",
            "state": "",
            "postal": "80939",
            "lat": 48.2187966,
            "lng": 11.6221325,
            "housenumber": "25",
            "country": "Germany",
            "type": "venue"
        },
        "189335f3-b55c-4501-9b90-d8385384f9ac": {
            "city": "St. Louis",
            "state": "MO",
            "postal": "",
            "lat": 38.6225,
            "lng": -90.193056,
            "housenumber": "700",
            "country": "USA",
            "type": "venue"
        },
        "d038edb8-439b-4cf8-b916-abdbedce45aa": {
            "city": "Frankfurt",
            "state": "",
            "postal": "60528",
            "lat": 50.0685807,
            "lng": 8.6428971,
            "housenumber": "362",
            "country": "Germany",
            "type": "venue"
        },
        "a065b054-56d6-47df-b1c7-8cf5740ac3fc": {
            "city": "Birmingham",
            "state": "",
            "postal": "B6 6HE",
            "lat": 52.509167,
            "lng": -1.884722,
            "housenumber": "",
            "country": "UK",
            "type": "venue"
        },
        "3cfa1db0-18c7-47d1-ae20-bb791bfc4a46": {
            "city": "St. Louis",
            "state": "MO",
            "postal": "63101",
            "lat": 38.6328232,
            "lng": -90.1910817,
            "housenumber": "701",
            "country": "USA",
            "type": "venue"
        },
        "588dcb38-26ad-4c4c-a6b0-d492a498dd41": {
            "city": "Nashville",
            "state": "TN",
            "postal": "",
            "lat": 36.133,
            "lng": -86.794,
            "housenumber": "",
            "country": "USA",
            "type": "college"
        },
        "ec4ee2c4-d45a-42bd-90b2-991b963dbda7": {
            "city": "Atlanta",
            "state": "GA",
            "postal": "",
            "lat": 33.758,
            "lng": -84.401,
            "housenumber": "1",
            "country": "USA",
            "type": "venue"
        },
        "f11aafd1-cddd-490f-ad3c-e23bed6f7a92": {
            "city": "Canton",
            "state": "OH",
            "postal": "44708",
            "lat": 40.8198713,
            "lng": -81.4028911,
            "housenumber": "",
            "country": "USA",
            "type": "venue"
        },
        "dd38ee29-ca78-4ad0-964e-0867afc8ab79": {
            "city": "Kennesaw",
            "state": "GA",
            "postal": "",
            "lat": 34.038,
            "lng": -84.583,
            "housenumber": "",
            "country": "USA",
            "type": "college"
        },
        "bf0ba60b-cdd2-4711-ac2e-a54f434243b5": {
            "city": "Foxborough",
            "state": "MA",
            "postal": "02035",
            "lat": 42.0909458,
            "lng": -71.2669214,
            "housenumber": "1",
            "country": "USA",
            "type": "venue"
        },
        "ed074918-a495-43e7-b5d5-1905443b5ded": {
            "city": "Oakland",
            "state": "CA",
            "postal": "",
            "lat": 37.750278,
            "lng": -122.203056,
            "housenumber": "7000",
            "country": "USA",
            "type": "venue"
        },
        "31cb1887-639c-4f85-b066-1566781b7a59": {
            "city": "Edmonton",
            "state": "AB",
            "postal": "",
            "lat": 53.571389,
            "lng": -113.456111,
            "housenumber": "7424",
            "country": "Canada",
            "type": "venue"
        },
        "dea3e07a-aeb2-41c7-83f5-867333d30315": {
            "city": "Miami Gardens",
            "state": "FL",
            "postal": "33056",
            "lat": 25.958326,
            "lng": -80.2421728,
            "housenumber": "100",
            "country": "USA",
            "type": "venue"
        },
        "0faaad8b-0ca0-4cdf-b0e4-58a308e6c32c": {
            "city": "Chicago",
            "state": "IL",
            "postal": "",
            "lat": 41.83,
            "lng": -87.633889,
            "housenumber": "333",
            "country": "USA",
            "type": "venue"
        },
        "f0fbd29e-33e8-44b9-b73d-6dda987a06ca": {
            "city": "Orchard Park",
            "state": "NY",
            "postal": "14127",
            "lat": 42.7737546,
            "lng": -78.7895472,
            "housenumber": "1",
            "country": "USA",
            "type": "venue"
        },
        "fc3c28fa-1b08-46b2-ae4e-010412a0d65b": {
            "city": "Minneapolis-Saint Paul",
            "state": "MI",
            "postal": "",
            "lat": 44.975,
            "lng": -93.235278,
            "housenumber": "",
            "country": "USA",
            "type": "college"
        },
        "a21a82a1-b5a5-468d-97e0-e25b0df84274": {
            "city": "Baltimore",
            "state": "FL",
            "postal": "21230",
            "lat": 39.2778666,
            "lng": -76.6255186,
            "housenumber": "101",
            "country": "USA",
            "type": "venue"
        },
        "ab3222a8-061e-4d79-9808-4d6330602069": {
            "city": "Brooklyn",
            "state": "NY",
            "postal": "",
            "lat": 40.682661,
            "lng": -73.975225,
            "housenumber": "620",
            "country": "USA",
            "type": "venue"
        },
        "0a9cd435-1e78-4536-aa2d-3d38b572ffa1": {
            "city": "Pittsburgh",
            "state": "PA",
            "postal": "15212",
            "lat": 40.4467648,
            "lng": -80.0183352,
            "housenumber": "100",
            "country": "USA",
            "type": "venue"
        },
        "660c09a2-e123-4ce6-9f31-d1b2724126fa": {
            "city": "Piscataway",
            "state": "NJ",
            "postal": "08854",
            "lat": 40.513611,
            "lng": -74.465278,
            "housenumber": "1",
            "country": "USA",
            "type": "venue"
        },
        "096d6dd1-0533-408d-a403-58fdf3e4cd53": {
            "city": "Fitzroy North",
            "state": "VIC",
            "postal": "3068",
            "lat": -37.7891016,
            "lng": 144.9759327,
            "housenumber": "1",
            "country": "Australia",
            "type": "venue"
        },
        "c1f043bd-b908-4667-ae11-d42e1b4718a5": {
            "city": "East Geelong",
            "state": "VIC",
            "postal": "3219",
            "lat": -38.1525822,
            "lng": 144.3787522,
            "housenumber": "5",
            "country": "Australia",
            "type": "venue"
        },
        "2d2de9a4-99c7-430f-9ae5-7c572df2ca35": {
            "city": "Denver",
            "state": "CO",
            "postal": "",
            "lat": 39.748611,
            "lng": -105.0075,
            "housenumber": "1000",
            "country": "USA",
            "type": "venue"
        },
        "9f1770d8-4a9e-49a2-b446-08bb44c44105": {
            "city": "Albert Park",
            "state": "VIC",
            "postal": "3206",
            "lat": -37.8403445,
            "lng": 144.9458567,
            "housenumber": "",
            "country": "Australia",
            "type": "venue"
        },
        "19041e2d-a371-479d-a1bc-7264cbf80068": {
            "city": "Kansas City",
            "state": "MO",
            "postal": "",
            "lat": 39.051389,
            "lng": -94.480556,
            "housenumber": "1",
            "country": "USA",
            "type": "venue"
        },
        "56a0b392-918c-41b5-9241-937a6d519349": {
            "city": "Richmond",
            "state": "VIC",
            "postal": "3002",
            "lat": -37.8174763,
            "lng": 144.9777351,
            "housenumber": "",
            "country": "Australia",
            "type": "venue"
        },
        "9d1f427b-4106-40ab-8708-de08bc1cd144": {
            "city": "Birmingham",
            "state": "",
            "postal": "",
            "lat": 52.475833,
            "lng": -1.868056,
            "housenumber": "",
            "country": "UK",
            "type": "venue"
        },
        "9939510e-feb6-4e0d-aa10-e8f9f3d5f3a6": {
            "city": "St Kilda",
            "state": "VIC",
            "postal": "3182",
            "lat": -37.8559698,
            "lng": 144.9779958,
            "housenumber": "",
            "country": "Australia",
            "type": "venue"
        },
        "d749b0a3-f780-4d86-8c8a-e798272249a7": {
            "city": "Brookings",
            "state": "SD",
            "postal": "",
            "lat": 44.318056,
            "lng": -96.783333,
            "housenumber": "",
            "country": "USA",
            "type": "college"
        },
        "395f6646-e37b-401d-af98-23f1df2af8ab": {
            "city": "Richmond",
            "state": "VIC",
            "postal": "3002",
            "lat": -37.8199668,
            "lng": 144.9785784,
            "housenumber": "",
            "country": "USA",
            "type": "venue"
        },
        "b53cc5f3-4827-4efe-a5f9-67a5d663553e": {
            "city": "New York",
            "state": "NY",
            "postal": "",
            "lat": 40.712778,
            "lng": -74.006111,
            "housenumber": "",
            "country": "USA",
            "type": "city"
        },
        "60cc2b2c-393d-4035-8a4a-011ef5c96b96": {
            "city": "Carlton North",
            "state": "VIC",
            "postal": "3054",
            "lat": -37.7849821,
            "lng": 144.9565047,
            "housenumber": "200-590",
            "country": "Australia",
            "type": "venue"
        },
        "a8cf2e14-c718-40be-a217-c669130a3f04": {
            "city": "West Lafayette",
            "state": "IN",
            "postal": "47906",
            "lat": 40.434444,
            "lng": -86.918333,
            "housenumber": "850",
            "country": "USA",
            "type": "venue"
        },
        "a1052505-7d77-4d4e-ae6e-18ca641b0833": {
            "city": "East Melbourne",
            "state": "VIC",
            "postal": "3002",
            "lat": -37.8222208,
            "lng": 144.9856865,
            "housenumber": "",
            "country": "Australia",
            "type": "venue"
        },
        "be43e7df-cebb-449d-ab58-9c1ff1ae1061": {
            "city": "Essendon",
            "state": "VIC",
            "postal": "3040",
            "lat": -37.7515878,
            "lng": 144.9001347,
            "housenumber": "",
            "country": "Australia",
            "type": "venue"
        },
        "78ee8318-14b0-4b11-b1af-29ef72b3daa5": {
            "city": "Derby",
            "state": "",
            "postal": "DE24 8XL",
            "lat": 52.915,
            "lng": -1.447222,
            "housenumber": "",
            "country": "UK",
            "type": "venue"
        },
        "8e146665-d362-496f-af4c-3d55166e2968": {
            "city": "Orlando",
            "state": "FL",
            "postal": "32805",
            "lat": 28.5390192,
            "lng": -81.4033962,
            "housenumber": "1",
            "country": "USA",
            "type": "venue"
        },
        "acf65d25-2161-4d92-8153-fa345b470a26": {
            "city": "Minneapolis",
            "state": "MN",
            "postal": "",
            "lat": 44.981667,
            "lng": -93.278333,
            "housenumber": "1",
            "country": "USA",
            "type": "venue"
        },
        "8cccf2e9-113e-4137-bd83-6612c806c58c": {
            "city": "Ciudad de México",
            "state": "CDMX",
            "postal": "04650",
            "lat": 19.3028606,
            "lng": -99.1553986,
            "housenumber": "3465",
            "country": "Mexico",
            "type": "venue"
        },
        "c7b513eb-e5d9-40f7-a917-8af41af51588": {
            "city": "London",
            "state": "",
            "postal": "",
            "lat": 51.552,
            "lng": -0.097,
            "housenumber": "",
            "country": "UK",
            "type": "suburb"
        },
        "53c1a222-afe8-4c3b-b73a-a85a1c15673c": {
            "city": "Hawthorn",
            "state": "VIC",
            "postal": "3122",
            "lat": -37.8206183,
            "lng": 145.0303644,
            "housenumber": "34",
            "country": "Australia",
            "type": "venue"
        },
        "ea10c038-269f-441c-8fbc-b1c81177536c": {
            "city": "Athens",
            "state": "OH",
            "postal": "45701",
            "lat": 39.321111,
            "lng": -82.102778,
            "housenumber": "200",
            "country": "USA",
            "type": "venue"
        },
        "d27176ce-1e6b-457a-922a-2b25e657ac43": {
            "city": "Carson",
            "state": "CA",
            "postal": "90746",
            "lat": 33.8643776,
            "lng": -118.2660135,
            "housenumber": "18400",
            "country": "USA",
            "type": "venue"
        },
        "a2e9a49f-cbc1-451f-94f9-56bb224ed222": {
            "city": "Milwaukee",
            "state": "WI",
            "postal": "",
            "lat": 43.028333,
            "lng": -87.971111,
            "housenumber": "1",
            "country": "USA",
            "type": "venue"
        },
        "74032078-1b05-45cb-9d36-8e30e04488e0": {
            "city": "North Melbourne",
            "state": "VIC",
            "postal": "3051",
            "lat": -37.7989787,
            "lng": 144.9388898,
            "housenumber": "204-206",
            "country": "Australia",
            "type": "venue"
        },
        "d7467392-c862-4fad-804a-8c6df019768e": {
            "city": "Bournemouth",
            "state": "Dorset",
            "postal": "BH7 7AF",
            "lat": 50.735278,
            "lng": -1.838333,
            "housenumber": "",
            "country": "UK",
            "type": "venue"
        },
        "8d552ac4-4929-4c60-b346-ff752aca9cd4": {
            "city": "Oakland",
            "state": "CA",
            "postal": "94621",
            "lat": 37.7514142,
            "lng": -122.2034855,
            "housenumber": "204-206",
            "country": "USA",
            "type": "venue"
        },
        "c9f1c69e-b394-4e4a-9126-63956eb4c62b": {
            "city": "Brenham",
            "state": "TX",
            "postal": "",
            "lat": 30.159722,
            "lng": -122.2034855,
            "housenumber": "",
            "country": "USA",
            "type": "college"
        },
        "b8058648-2769-4b3e-a5f3-fbda691ba66a": {
            "city": "Los Angeles",
            "state": "CA",
            "postal": "90037",
            "lat": 34.0136647,
            "lng": -118.2904104,
            "housenumber": "3911",
            "country": "USA",
            "type": "venue"
        },
        "da1f647b-9753-4544-8ae2-7db80937e033": {
            "city": "Fairborn",
            "state": "OH",
            "postal": "",
            "lat": 39.785,
            "lng": -84.059,
            "housenumber": "",
            "country": "USA",
            "type": "college"
        },
        "0d3370d1-5e80-48f3-ac60-0e8af13e26be": {
            "city": "Parkville",
            "state": "VIC",
            "postal": "3052",
            "lat": -37.7781687,
            "lng": 144.9505349,
            "housenumber": "",
            "country": "Australia",
            "type": "venue"
        },
        "92b4b391-66b7-4af6-9da2-febac3239c5c": {
            "city": "Hamilton",
            "state": "ON",
            "postal": "",
            "lat": 43.252114,
            "lng": -79.8301,
            "housenumber": "64",
            "country": "Canada",
            "type": "venue"
        },
        "fcce0a61-8e59-446a-8839-06df2131849c": {
            "city": "Twickenham",
            "state": "",
            "postal": "TW2 7BA",
            "lat": 51.4559558,
            "lng": -0.34408,
            "housenumber": "200",
            "country": "UK",
            "type": "venue"
        },
        "20b89361-bb34-41de-a5df-5114554361b1": {
            "city": "El Paso",
            "state": "TX",
            "postal": "",
            "lat": 31.77,
            "lng": -106.505,
            "housenumber": "",
            "country": "USA",
            "type": "college"
        },
        "6f4732ca-3711-4066-a7c9-453e1e61bb93": {
            "city": "Heidelberg West",
            "state": "VIC",
            "postal": "3081",
            "lat": -37.7397886,
            "lng": 145.0317471,
            "housenumber": "",
            "country": "Australia",
            "type": "venue"
        },
        "2d140dad-9fbc-404c-a814-6856dffa6d0f": {
            "city": "Oxford",
            "state": "OH",
            "postal": "45056",
            "lat": 39.5195227,
            "lng": -84.7355128,
            "housenumber": "",
            "country": "USA",
            "type": "venue"
        },
        "4789f86b-22ad-4aaf-97c0-3f49a2eb8902": {
            "city": "San Diego",
            "state": "CA",
            "postal": "92108",
            "lat": 32.7809825,
            "lng": -117.1244523,
            "housenumber": "9449",
            "country": "USA",
            "type": "venue"
        },
        "1145772b-06fd-48d7-a155-0c9312d543ef": {
            "city": "Inglewood",
            "state": "CA",
            "postal": "",
            "lat": 33.953,
            "lng": -118.339,
            "housenumber": "1001",
            "country": "USA",
            "type": "venue"
        },
        "e0d0121e-fcad-4647-971a-f2031dafe9d3": {
            "city": "South Geelong",
            "state": "VIC",
            "postal": "3220",
            "lat": -38.1579979,
            "lng": 144.3520981,
            "housenumber": "370",
            "country": "Australia",
            "type": "venue"
        },
        "65673ee1-270d-4eaf-a887-3db34391293b": {
            "city": "Columbia",
            "state": "MO",
            "postal": "",
            "lat": 39.0975,
            "lng": -84.506667,
            "housenumber": "",
            "country": "USA",
            "type": "venue"
        },
        "6a10ad79-7406-4de0-8870-881d6b6a4a6a": {
            "city": "Yarraville",
            "state": "VIC",
            "postal": "3013",
            "lat": -37.8150875,
            "lng": 144.8824932,
            "housenumber": "",
            "country": "Australia",
            "type": "venue"
        },
        "f4bba906-7b47-4197-8905-71cf04eab3e5": {
            "city": "London",
            "state": "",
            "postal": "TW8 0RU",
            "lat": 51.490833,
            "lng": -0.288611,
            "housenumber": "166",
            "country": "UK",
            "type": "venue"
        },
        "de17b32a-9591-4726-88c8-4b5e4d728207": {
            "city": "San Francisco",
            "state": "CA",
            "postal": "94124",
            "lat": 37.7129826,
            "lng": -122.4064101,
            "housenumber": "",
            "country": "USA",
            "type": "venue"
        },
        "5fd66472-3d98-4028-bf9a-5cdc7b3bb7bb": {
            "city": "Statesboro",
            "state": "GA",
            "postal": "",
            "lat": 32.419448,
            "lng": -81.776698,
            "housenumber": "",
            "country": "USA",
            "type": "college"
        },
        "42bb47f8-0447-4475-8e5d-2aa9040682b5": {
            "city": "Upplands Väsby",
            "state": "",
            "postal": "",
            "lat": 59.516667,
            "lng": 17.916667,
            "housenumber": "",
            "country": "Sweden",
            "type": "suburb"
        },
        "485fbb3f-88a5-4655-965d-14a871dc8299": {
            "city": "Armadale",
            "state": "VIC",
            "postal": "3143",
            "lat": -37.8528107,
            "lng": 145.0114987,
            "housenumber": "580",
            "country": "Australia",
            "type": "venue"
        },
        "8c968395-1625-4fb1-9f90-ff44b9a88ba3": {
            "city": "Toronto",
            "state": "ON",
            "postal": "",
            "lat": 43.6415757,
            "lng": -79.3942991,
            "housenumber": "580",
            "country": "Canada",
            "type": "venue"
        },
        "adbf816a-e885-4477-a484-08f310b58967": {
            "city": "Manhattan",
            "state": "KS",
            "postal": "66502",
            "lat": 39.201944,
            "lng": -96.593889,
            "housenumber": "1800",
            "country": "USA",
            "type": "venue"
        },
        "41e253f5-9197-4168-8970-cd35f5ba4562": {
            "city": "Bronx",
            "state": "NY",
            "postal": "10451",
            "lat": 40.8296425,
            "lng": -73.9310454,
            "housenumber": "1",
            "country": "USA",
            "type": "venue"
        },
        "d2ee3c9d-140e-498c-aaf5-8e7d547c5cbc": {
            "city": "Euroa",
            "state": "VIC",
            "postal": "3666",
            "lat": -36.7464868,
            "lng": 145.5724273,
            "housenumber": "",
            "country": "Australia",
            "type": "venue"
        },
        "9961d10c-97bb-4d6c-a89b-544a6e001c7e": {
            "city": "Aiea",
            "state": "HI",
            "postal": "96701",
            "lat": 21.3728016,
            "lng": -157.9348645,
            "housenumber": "99-500",
            "country": "USA",
            "type": "venue"
        },
        "b57f7d58-dd32-45a4-9856-a0cab5251a1b": {
            "city": "Cardiff",
            "state": "",
            "postal": "",
            "lat": 51.472781,
            "lng": -3.203061,
            "housenumber": "",
            "country": "UK",
            "type": "venue"
        },
        "ff625519-3999-40f8-af8f-03aed7e1b705": {
            "city": "North Hobart",
            "state": "TAS",
            "postal": "7000",
            "lat": -42.8682555,
            "lng": 147.3146486,
            "housenumber": "1-5",
            "country": "Australia",
            "type": "venue"
        },
        "068f05b6-fe45-4616-a7be-5e54dd2a2ddf": {
            "city": "Little Rock",
            "state": "AK",
            "postal": "",
            "lat": 34.722472,
            "lng": -92.34065,
            "housenumber": "",
            "country": "USA",
            "type": "college"
        },
        "b504fdf1-6d5d-4dfe-b3c5-d029861473a9": {
            "city": "Irving",
            "state": "TX",
            "postal": "",
            "lat": 32.839722,
            "lng": -96.9146954,
            "housenumber": "",
            "country": "USA",
            "type": "venue"
        },
        "5641734b-6f1f-4a97-9483-ac8d6798fd51": {
            "city": "Mlada Boleslav",
            "state": "",
            "postal": "",
            "lat": 50.4125,
            "lng": 14.904444,
            "housenumber": "",
            "country": "Czechia",
            "type": "city"
        },
        "fbee3594-0fe8-4c6d-a9e4-602756a31e50": {
            "city": "Yallourn North",
            "state": "VIC",
            "postal": "3825",
            "lat": -38.1629374,
            "lng": 146.3595115,
            "housenumber": "",
            "country": "Australia",
            "type": "venue"
        },
        "52e73134-3b79-40fe-addc-cfee949c2c33": {
            "city": "Los Angeles",
            "state": "CA",
            "postal": "",
            "lat": 34.038683,
            "lng": -118.707581,
            "housenumber": "",
            "country": "USA",
            "type": "college"
        },
        "c82c6277-7bd8-4364-9da8-e3897f71b3a4": {
            "city": "Hamilton Valley",
            "state": "NSW",
            "postal": "2641",
            "lat": -36.0349793,
            "lng": 146.9073391,
            "housenumber": "1",
            "country": "Australia",
            "type": "venue"
        }
    },
    "searches": {
        "S.C.G. - Australia": "99f30682-caa5-464b-9527-961ade4903ba",
        "Victoria Park - Australia": "58c1c80f-b4e2-4d77-bdd2-ad4a920af559",
        "Tom Benson Hall of Fame Stadium": "a872a4e3-53c1-43e7-8af2-79263f5d80d3",
        "MetLife Stadium": "7b9c3f52-bb1a-43d9-b074-4b39f5ab12ef",
        "MetLife Stadium, East Rutherford, NJ, USA": "7b9c3f52-bb1a-43d9-b074-4b39f5ab12ef",
        "MetLife Stadium - East Rutherford - NJ - 07073": "7b9c3f52-bb1a-43d9-b074-4b39f5ab12ef",
        "Giants Stadium - East Rutherford - NJ": "7b9c3f52-bb1a-43d9-b074-4b39f5ab12ef",
        "Giants Stadium": "7b9c3f52-bb1a-43d9-b074-4b39f5ab12ef",
        "Giants Stadium - New York - United States": "7b9c3f52-bb1a-43d9-b074-4b39f5ab12ef",
        "MetLife Stadium - East Rutherford, New Jersey - United States": "7b9c3f52-bb1a-43d9-b074-4b39f5ab12ef",
        "Giants Stadium, East Rutherford, NJ, USA": "7b9c3f52-bb1a-43d9-b074-4b39f5ab12ef",
        "Gillette Stadium": "3219c262-e48f-46bf-94fe-fb037f71dad8",
        "Foxboro Stadium, Foxborough, MA, USA": "3219c262-e48f-46bf-94fe-fb037f71dad8",
        "Acrisure Stadium": "5596c265-234f-40a0-8dab-88d5a7d91858",
        "Hard Rock Stadium": "b7636e4f-4eb7-4874-8a90-84a0a089b99b",
        "M&T Bank Stadium": "210e9d8a-9efb-47c6-bcda-bad075616325",
        "Highmark Stadium": "450b65a8-9438-4862-98cd-accb388e9181",
        "Pennsylvania State University": "ec23924c-3173-4b73-ad55-6409bf933efe",
        "Penn State College": "ec23924c-3173-4b73-ad55-6409bf933efe",
        "penn-state": "ec23924c-3173-4b73-ad55-6409bf933efe",
        "Providence College": "09304247-040e-483f-998c-d87534f8c3f1",
        "Jones AT&T Stadium": "d901dd5d-4ac8-476d-8d25-19d8b472b49f",
        "Jones AT&T Stadium - Lubbock - TX - 79407": "d901dd5d-4ac8-476d-8d25-19d8b472b49f",
        "Gila River Arena": "b3c4809c-b5fd-4ab4-ba48-5e39089b8b09",
        "Gila River Arena, Phoenix, AZ, USA": "b3c4809c-b5fd-4ab4-ba48-5e39089b8b09",
        "Alfredo Harp Helú Stadium": "18400cae-6aec-4966-9587-4b2fc362e91a",
        "Towson University": "b51fc52b-4254-4ef3-ae31-3b0ad5b75b91",
        "U.S. Bank Stadium": "5daabad8-94b4-47e5-953d-c86d30618c99",
        "Rider University": "1163c6fe-3065-422e-8bea-3486697c4774",
        "Cleveland Browns Stadium": "6011a1cb-8ab9-42be-9d22-d90c403f9d1d",
        "Huntington Bank Field - Cleveland - OH - 44114": "6011a1cb-8ab9-42be-9d22-d90c403f9d1d",
        "Cleveland Municipal Stadium": "6011a1cb-8ab9-42be-9d22-d90c403f9d1d",
        "Cleveland Municipal Stadium - Cleveland, OH - United States": "6011a1cb-8ab9-42be-9d22-d90c403f9d1d",
        "Cleveland Browns Stadium - Cleveland, Ohio - United States": "6011a1cb-8ab9-42be-9d22-d90c403f9d1d",
        "Huntington Bank Field - Cleveland, Ohio - United States": "6011a1cb-8ab9-42be-9d22-d90c403f9d1d",
        "Cleveland Browns Stadium, Cleveland, OH, USA": "6011a1cb-8ab9-42be-9d22-d90c403f9d1d",
        "Albertsons Stadium": "6cd34760-1f9e-439d-8dd9-f6a6c627672d",
        "Albertsons Stadium - Boise - ID - 83706": "6cd34760-1f9e-439d-8dd9-f6a6c627672d",
        "EverBank Stadium": "2c1e4fba-1baa-403d-8292-1ea373f29813",
        "EverBank Stadium - Jacksonville - FL - 32202": "2c1e4fba-1baa-403d-8292-1ea373f29813",
        "EverBank Stadium - Jacksonville, Florida - United States": "2c1e4fba-1baa-403d-8292-1ea373f29813",
        "EverBank Stadium, Jacksonville, FL, USA": "2c1e4fba-1baa-403d-8292-1ea373f29813",
        "Nassau Coliseum, New York, NY, USA": "750518c9-729a-4d0b-bd3a-6e38fa7a3ec9",
        "Nassau Coliseum, Uniondale, New York": "750518c9-729a-4d0b-bd3a-6e38fa7a3ec9",
        "Nassau Veterans Memorial Coliseum, Uniondale, New York": "750518c9-729a-4d0b-bd3a-6e38fa7a3ec9",
        "Nassau Veterans Memorial Coliseum - Uniondale, New York, USA - United States": "750518c9-729a-4d0b-bd3a-6e38fa7a3ec9",
        "Nissan Stadium": "6d8bba96-9e07-49d2-8049-b6418652f097",
        "Nissan Stadium - Nashville - TN - 37213": "6d8bba96-9e07-49d2-8049-b6418652f097",
        "Nissan Stadium - Nashville, Tennessee, USA - United States": "6d8bba96-9e07-49d2-8049-b6418652f097",
        "Nissan Stadium, Nashville, TN, USA": "6d8bba96-9e07-49d2-8049-b6418652f097",
        "Petco Park, San Diego, CA, USA": "12a7f917-294d-4750-9b50-b110ffb23172",
        "Petco Park - San Diego - CA - 92101": "12a7f917-294d-4750-9b50-b110ffb23172",
        "Petco Park, San Diego, California": "12a7f917-294d-4750-9b50-b110ffb23172",
        "Petco Park": "12a7f917-294d-4750-9b50-b110ffb23172",
        "Paycor Stadium": "d6652130-78e1-4e66-96d7-c67cff3b8f57",
        "Paul Brown Stadium": "d6652130-78e1-4e66-96d7-c67cff3b8f57",
        "Paycor Stadium - Cincinnati - OH - 45202": "d6652130-78e1-4e66-96d7-c67cff3b8f57",
        "Riverfront Stadium": "d6652130-78e1-4e66-96d7-c67cff3b8f57",
        "Riverfront Stadium - Cincinnati, OH - United States": "d6652130-78e1-4e66-96d7-c67cff3b8f57",
        "Paycor Stadium - Cincinnati, Ohio - United States": "d6652130-78e1-4e66-96d7-c67cff3b8f57",
        "Cincinnati Riverfront Coliseum, Cincinnati, Ohio": "d6652130-78e1-4e66-96d7-c67cff3b8f57",
        "Coliseum, Cincinnati, Ohio": "d6652130-78e1-4e66-96d7-c67cff3b8f57",
        "Riverfront Coliseum, Cincinnati, Ohio": "d6652130-78e1-4e66-96d7-c67cff3b8f57",
        "Paycor Stadium, Cincinnati, OH, USA": "d6652130-78e1-4e66-96d7-c67cff3b8f57",
        "Emirates Stadium, London, England": "73955208-3bf4-4cb2-910a-4b378bb32e5f",
        "SoFi Stadium": "6e6ff45a-cf0a-4a15-a042-f3832491acd4",
        "SoFi Stadium - Inglewood - CA - 90301": "6e6ff45a-cf0a-4a15-a042-f3832491acd4",
        "SoFi Stadium - Inglewood, CA - United States": "6e6ff45a-cf0a-4a15-a042-f3832491acd4",
        "Bradley University": "b9dbb46f-ce57-402c-b93c-c1895414b252",
        "State Farm Stadium": "6bd78242-34a9-40e2-841c-747455d93542",
        "State Farm Stadium - Glendale - AZ - 85305": "6bd78242-34a9-40e2-841c-747455d93542",
        "State Farm Stadium - Glendale, Arizona - United States": "6bd78242-34a9-40e2-841c-747455d93542",
        "State Farm Stadium, Glendale, AZ, USA": "6bd78242-34a9-40e2-841c-747455d93542",
        "University of Phoenix Stadium": "6bd78242-34a9-40e2-841c-747455d93542",
        "Aggie Memorial Stadium": "d324a072-025e-4f64-98c9-ea90dd0c0478",
        "Aggie Memorial Stadium - Las Cruces - NM - 88003": "d324a072-025e-4f64-98c9-ea90dd0c0478",
        "Lucas Oil Stadium": "51b4f652-ab49-4c88-899f-570a0a4b4d97",
        "Lucas Oil Stadium - Indianapolis - IN - 46225": "51b4f652-ab49-4c88-899f-570a0a4b4d97",
        "RCA Dome - Indianapolis - IN": "51b4f652-ab49-4c88-899f-570a0a4b4d97",
        "Lucas Oil Stadium - Indianapolis, Indiana, USA - United States": "51b4f652-ab49-4c88-899f-570a0a4b4d97",
        "Lucas Oil Stadium, Indianapolis, IN, USA": "51b4f652-ab49-4c88-899f-570a0a4b4d97",
        "Lucas Oil Stadium, Indianapolis, Indiana": "51b4f652-ab49-4c88-899f-570a0a4b4d97",
        "NRG Stadium": "c2d6a773-c009-4fc7-bc8d-21ab92b17a0b",
        "NRG Stadium - Houston - TX - 77054": "c2d6a773-c009-4fc7-bc8d-21ab92b17a0b",
        "Astrodome": "c2d6a773-c009-4fc7-bc8d-21ab92b17a0b",
        "Astrodome - Houston, TX - United States": "c2d6a773-c009-4fc7-bc8d-21ab92b17a0b",
        "NRG Stadium - Houston, Texas, USA - United States": "c2d6a773-c009-4fc7-bc8d-21ab92b17a0b",
        "NRG Stadium, Houston, TX, USA": "c2d6a773-c009-4fc7-bc8d-21ab92b17a0b",
        "Reliant Stadium, Houston, Texas": "c2d6a773-c009-4fc7-bc8d-21ab92b17a0b",
        "Lidkoping, Sweden": "df5de05a-c2e5-4f74-b7ad-5cc900296d68",
        "Soldier Field": "6288704d-be17-469f-acfd-203d9f923c11",
        "Soldier Field - Chicago - IL - 60605": "6288704d-be17-469f-acfd-203d9f923c11",
        "Soldier Field - Chicago, Illinois - United States": "6288704d-be17-469f-acfd-203d9f923c11",
        "Soldier Field, Chicago, IL, USA": "6288704d-be17-469f-acfd-203d9f923c11",
        "Puerto Ordaz, Bolivar, Venezuela": "8685f819-e3c0-4452-9e73-008e3757b027",
        "GEHA Field at Arrowhead Stadium": "b6e806a0-61cb-4a49-8384-701a2ae61180",
        "Arrowhead Stadium": "b6e806a0-61cb-4a49-8384-701a2ae61180",
        "GEHA Field at Arrowhead Stadium - Kansas City - MO - 64129": "b6e806a0-61cb-4a49-8384-701a2ae61180",
        "Arrowhead Stadium - Kansas City, Missouri - United States": "b6e806a0-61cb-4a49-8384-701a2ae61180",
        "GEHA Field at Arrowhead Stadium - Kansas City, Missouri, United States - United States": "b6e806a0-61cb-4a49-8384-701a2ae61180",
        "Arrowhead Stadium, Kansas City, MO, USA": "b6e806a0-61cb-4a49-8384-701a2ae61180",
        "Stamford Bridge, London, England": "697520ca-d03b-45b1-a913-afe3d13a3371",
        "Bank of America Stadium": "543d7f78-3dd0-4046-a366-80ca231e8898",
        "Bank of America Stadium - Charlotte - NC - 28202": "543d7f78-3dd0-4046-a366-80ca231e8898",
        "Bank of America Stadium - Charlotte, NC, United States - United States": "543d7f78-3dd0-4046-a366-80ca231e8898",
        "Bank of America Stadium, Charlotte, NC, USA": "543d7f78-3dd0-4046-a366-80ca231e8898",
        "Mexico City Arena - Mexico City - Mexico": "36dab08e-0823-479d-9022-a4c6ee6c3b08",
        "Mexico City Arena, Mexico City, Mexico": "36dab08e-0823-479d-9022-a4c6ee6c3b08",
        "La Salle University": "dee41f25-1309-40d8-a8e3-b7ee6b01cec0",
        "Allegiant Stadium": "8ca30336-3e75-42f8-bb46-0241fe1697f3",
        "Allegiant Stadium - Las Vegas - NV - 89118": "8ca30336-3e75-42f8-bb46-0241fe1697f3",
        "Allegiant Stadium - Paradise, Nevada, USA - United States": "8ca30336-3e75-42f8-bb46-0241fe1697f3",
        "Allegiant Stadium, Paradise, NV, USA": "8ca30336-3e75-42f8-bb46-0241fe1697f3",
        "Empower Field at Mile High": "845a387c-642c-4690-b353-ba92bf132a88",
        "Empower Field at Mile High - Denver - CO - 80204": "845a387c-642c-4690-b353-ba92bf132a88",
        "Invesco Field - Denver - CO - 80804": "845a387c-642c-4690-b353-ba92bf132a88",
        "Mile High Stadium": "845a387c-642c-4690-b353-ba92bf132a88",
        "Mile High Stadium -  - ": "845a387c-642c-4690-b353-ba92bf132a88",
        "Mile High": "845a387c-642c-4690-b353-ba92bf132a88",
        "Empower Field at Mile High - Denver, Colorado, USA - United States": "845a387c-642c-4690-b353-ba92bf132a88",
        "Empower Field at Mile High, Denver, CO, USA": "845a387c-642c-4690-b353-ba92bf132a88",
        "Sun Bowl Stadium": "c1e0afe0-4e36-4826-a949-53a4649416f9",
        "Levi's Stadium": "26104f94-3216-41e8-83f2-2f42af795b2e",
        "Levi Stadium": "26104f94-3216-41e8-83f2-2f42af795b2e",
        "Levi’s Stadium": "26104f94-3216-41e8-83f2-2f42af795b2e",
        "Levi's Stadium - Santa Clara - CA - 95054": "26104f94-3216-41e8-83f2-2f42af795b2e",
        "Levi's Stadium - Santa Clara, California, USA - United States": "26104f94-3216-41e8-83f2-2f42af795b2e",
        "Levi's Stadium, Santa Clara, CA, USA": "26104f94-3216-41e8-83f2-2f42af795b2e",
        "Mercedes-Benz Stadium": "41307395-a924-4b45-be89-7ea5d2e24dd6",
        "Mercedes-Benz Stadium - Atlanta - GA - 30313": "41307395-a924-4b45-be89-7ea5d2e24dd6",
        "Mercedes-Benz Stadium - Atlanta, Georgia - United States": "41307395-a924-4b45-be89-7ea5d2e24dd6",
        "Mercedes-Benz Stadium, Atlanta, GA, USA": "41307395-a924-4b45-be89-7ea5d2e24dd6",
        "Mercedes-Benz Superdome - United States": "41307395-a924-4b45-be89-7ea5d2e24dd6",
        "Mullett Arena, Tempe, AZ, USA": "b0a4fafb-dd4d-44e3-b881-93d548847cec",
        "Mullett Arena, Tempe, Arizona": "b0a4fafb-dd4d-44e3-b881-93d548847cec",
        "Mullett Arena": "b0a4fafb-dd4d-44e3-b881-93d548847cec",
        "Raymond James Stadium": "10af3d09-3070-42bb-8ab1-53e8014fa31c",
        "Raymond James Stadium - Tampa - FL - 33607": "10af3d09-3070-42bb-8ab1-53e8014fa31c",
        "Raymond James Stadium - Tampa Bay, Florida, USA - United States": "10af3d09-3070-42bb-8ab1-53e8014fa31c",
        "Raymond James Stadium, Tampa, FL, USA": "10af3d09-3070-42bb-8ab1-53e8014fa31c",
        "Sutter Health Park, Sacramento, CA, USA": "5eb492b6-8472-4691-94a7-36a30fb59f1e",
        "Sutter Health Park": "5eb492b6-8472-4691-94a7-36a30fb59f1e",
        "Lambeau Field": "c086b3b8-857f-4bfb-a3a4-60acbbf07685",
        "Lambeau Field - Green Bay - WI - 54304": "c086b3b8-857f-4bfb-a3a4-60acbbf07685",
        "Lambeau Field - Green Bay, Wisconsin - United States": "c086b3b8-857f-4bfb-a3a4-60acbbf07685",
        "Lambeau Field, Green Bay, WI, USA": "c086b3b8-857f-4bfb-a3a4-60acbbf07685",
        "Ewood Park - Blackburn, Lancashire - England": "de7d8506-d16d-4dda-b542-d2a9f11f9a80",
        "Ewood Park, Blackburn, England": "de7d8506-d16d-4dda-b542-d2a9f11f9a80",
        "Lincoln Financial Field": "e30221e9-51f0-4320-a6ab-209ca1b1fcab",
        "Lincoln Financial Field - Philadelphia - PA - 19148": "e30221e9-51f0-4320-a6ab-209ca1b1fcab",
        "Veterans Stadium - Philadelphia - PA": "e30221e9-51f0-4320-a6ab-209ca1b1fcab",
        "Veterans Stadium": "e30221e9-51f0-4320-a6ab-209ca1b1fcab",
        "Lincoln Financial Field - Philadelphia, Pennsylvania - United States": "e30221e9-51f0-4320-a6ab-209ca1b1fcab",
        "Lincoln Financial Field, Philadelphia, PA, USA": "e30221e9-51f0-4320-a6ab-209ca1b1fcab",
        "Accor Arena - Paris, France - France": "1f42a181-7ce3-4a8b-8b93-6dd590a9a360",
        "AccorHotels Arena, Paris, France": "1f42a181-7ce3-4a8b-8b93-6dd590a9a360",
        "Accor Arena, Paris, France": "1f42a181-7ce3-4a8b-8b93-6dd590a9a360",
        "AccorArena": "1f42a181-7ce3-4a8b-8b93-6dd590a9a360",
        "Ford Field": "1099a24f-e376-4b5c-b635-240f260cd23b",
        "Ford Field - Detroit - MI - 48226": "1099a24f-e376-4b5c-b635-240f260cd23b",
        "Ford Field - Detroit, Michigan - United States": "1099a24f-e376-4b5c-b635-240f260cd23b",
        "Ford Field, Detroit, MI, USA": "1099a24f-e376-4b5c-b635-240f260cd23b",
        "Arizona Stadium - Tucson, AZ - United States": "a14302f8-4be7-499f-a4db-eabdbf542cde",
        "Arizona Stadium - Tucson - AZ - 85719": "a14302f8-4be7-499f-a4db-eabdbf542cde",
        "AT&T Stadium": "904f986e-83c9-4dce-bed4-a16ea3f76eb4",
        "AT&T Stadium - Arlington - TX - 76011": "904f986e-83c9-4dce-bed4-a16ea3f76eb4",
        "AT&T Stadium - Arlington, Texas, USA - United States": "904f986e-83c9-4dce-bed4-a16ea3f76eb4",
        "Arlington Stadium - Arlington, TX - United States": "904f986e-83c9-4dce-bed4-a16ea3f76eb4",
        "Cowboy's Stadium, Arlington, Texas": "904f986e-83c9-4dce-bed4-a16ea3f76eb4",
        "AT&T Stadium, Arlington, TX, USA": "904f986e-83c9-4dce-bed4-a16ea3f76eb4",
        "FedEx Field, Landover, MD, USA": "fdeac258-f422-40ee-aeab-cd760b4dfb79",
        "FedExField": "fdeac258-f422-40ee-aeab-cd760b4dfb79",
        "Northwest Stadium - Landover - MD - 20785": "fdeac258-f422-40ee-aeab-cd760b4dfb79",
        "FedExField - Landover, Maryland, USA - United States": "fdeac258-f422-40ee-aeab-cd760b4dfb79",
        "Northwest Stadium - Landover, Maryland, USA - United States": "fdeac258-f422-40ee-aeab-cd760b4dfb79",
        "Lumen Field": "9e532228-dacd-4323-8e69-565073dc5b8f",
        "Kingdome": "9e532228-dacd-4323-8e69-565073dc5b8f",
        "Lumen Field - Seattle - WA - 98134": "9e532228-dacd-4323-8e69-565073dc5b8f",
        "Kingdome - Seattle, WA - United States": "9e532228-dacd-4323-8e69-565073dc5b8f",
        "Lumen Field - Seattle, WA, USA - United States": "9e532228-dacd-4323-8e69-565073dc5b8f",
        "Seattle Kingdome, Seattle, Washington": "9e532228-dacd-4323-8e69-565073dc5b8f",
        "Lumen Field, Seattle, WA, USA": "9e532228-dacd-4323-8e69-565073dc5b8f",
        "Oracle Park, San Francisco, CA, USA": "a97e1e30-a0ac-42f8-b95b-dca8a6828769",
        "Oracle Park": "a97e1e30-a0ac-42f8-b95b-dca8a6828769",
        "Caesars Superdome": "b96a1332-d63b-45e0-9e1d-9f574adf386a",
        "Louisiana Superdome": "b96a1332-d63b-45e0-9e1d-9f574adf386a",
        "Caesars Superdome - New Orleans - LA - 70112": "b96a1332-d63b-45e0-9e1d-9f574adf386a",
        "Caesars Superdome - New Orleans, Louisiana, United States - United States": "b96a1332-d63b-45e0-9e1d-9f574adf386a",
        "New Orleans Arena": "b96a1332-d63b-45e0-9e1d-9f574adf386a",
        "Smoothie King Center, New Orleans, Louisiana": "b96a1332-d63b-45e0-9e1d-9f574adf386a",
        "Smoothie King Center, New Orleans, LA, USA": "b96a1332-d63b-45e0-9e1d-9f574adf386a",
        "Smoothie King Center - New Orleans, Louisiana, USA - United States": "b96a1332-d63b-45e0-9e1d-9f574adf386a",
        "Caesars Superdome, New Orleans, LA, USA": "b96a1332-d63b-45e0-9e1d-9f574adf386a",
        "New Orleans Arena, New Orleans, Louisiana": "b96a1332-d63b-45e0-9e1d-9f574adf386a",
        "Goodison Park, Liverpool, England": "eb777022-f027-41b7-9b78-27153091ff3d",
        "Neo Química Arena": "23e7778f-d138-48c8-8401-5d2f275354c9",
        "Neo Química Arena - São Paulo, Brazil - Brazil": "23e7778f-d138-48c8-8401-5d2f275354c9",
        "Western Carolina University": "f50cbb08-adcb-489b-9fcd-adde32f17ee8",
        "Tottenham Hotspur Stadium": "b1e15bb5-ca65-4c0a-a5f4-c6477c392fef",
        "Tottenham Hotspur Stadium - London": "b1e15bb5-ca65-4c0a-a5f4-c6477c392fef",
        "Tottenham Hotspur Stadium - Bill Nicholson Way, Tottenham, London - England": "b1e15bb5-ca65-4c0a-a5f4-c6477c392fef",
        "Legacy Arena - Birmingham, Alabama - United States": "a9e2fa02-4eb3-45c2-9663-f3bcaf567726",
        "Legacy Arena, Birmingham, Alabama": "a9e2fa02-4eb3-45c2-9663-f3bcaf567726",
        "Wembley Stadium": "83a236ad-19c2-46ed-9c72-3a14736c17cf",
        "Wembley Stadium - London": "83a236ad-19c2-46ed-9c72-3a14736c17cf",
        "Wembley Stadium - Wembley, London - International": "83a236ad-19c2-46ed-9c72-3a14736c17cf",
        "Wembley Stadium - Wembley, London - England": "83a236ad-19c2-46ed-9c72-3a14736c17cf",
        "Kenan Memorial Stadium - Chapel Hill, North Carolina, USA - United States": "5d8bbf93-1288-4569-b28a-e395aa3b5015",
        "Kenan Stadium - Chapel Hill - NC - 27514": "5d8bbf93-1288-4569-b28a-e395aa3b5015",
        "Huntington Bank Stadium, Minneapolis, MN, USA": "3fb131f7-c9b1-4fac-aa97-5521387414ce",
        "U.S. Bank Stadium - Minneapolis - MN - 55415": "3fb131f7-c9b1-4fac-aa97-5521387414ce",
        "Huntington Bank Stadium - Minneapolis - MN - 55455": "3fb131f7-c9b1-4fac-aa97-5521387414ce",
        "Mall of America Field - Minneapolis - MN - 55415": "3fb131f7-c9b1-4fac-aa97-5521387414ce",
        "Metrodome - Minneapolis - MN - 55415": "3fb131f7-c9b1-4fac-aa97-5521387414ce",
        "U.S. Bank Stadium - Minneapolis, Minnesota, USA - United States": "3fb131f7-c9b1-4fac-aa97-5521387414ce",
        "U.S. Bank Stadium, Minneapolis, MN, USA": "3fb131f7-c9b1-4fac-aa97-5521387414ce",
        "U.S. Bank Stadium, Minneapolis, Minnesota": "3fb131f7-c9b1-4fac-aa97-5521387414ce",
        "Joe Louis Arena, Detroit, MI, USA": "ba2badaf-4f4d-47c1-bd9c-ce20c944165f",
        "Joe Louis Arena - Detroit, Michigan - United States": "ba2badaf-4f4d-47c1-bd9c-ce20c944165f",
        "Allianz Arena": "379ce6a2-2b84-4a80-811f-cbab46b6d4c8",
        "Allianz Arena - Munich": "379ce6a2-2b84-4a80-811f-cbab46b6d4c8",
        "Allianz Arena - Munich, Germany - Germany": "379ce6a2-2b84-4a80-811f-cbab46b6d4c8",
        "Busch Stadium, St. Louis, MO, USA": "189335f3-b55c-4501-9b90-d8385384f9ac",
        "Busch Stadium (III) - St. Louis, MO - United States": "189335f3-b55c-4501-9b90-d8385384f9ac",
        "Busch Stadium III": "189335f3-b55c-4501-9b90-d8385384f9ac",
        "Deutsche Bank Park": "d038edb8-439b-4cf8-b916-abdbedce45aa",
        "Frankfurt Stadium - Frankfurt": "d038edb8-439b-4cf8-b916-abdbedce45aa",
        "Deutsche Bank Park - Frankfurt, Germany - Germany": "d038edb8-439b-4cf8-b916-abdbedce45aa",
        "Villa Park, Birmingham, England": "a065b054-56d6-47df-b1c7-8cf5740ac3fc",
        "Trans World Dome": "3cfa1db0-18c7-47d1-ae20-bb791bfc4a46",
        "The Dome at America's Center - St. Louis - MO - 63101": "3cfa1db0-18c7-47d1-ae20-bb791bfc4a46",
        "Belmont University": "588dcb38-26ad-4c4c-a6b0-d492a498dd41",
        "Georgia Dome": "ec4ee2c4-d45a-42bd-90b2-991b963dbda7",
        "Georgia Dome - Atlanta - GA": "ec4ee2c4-d45a-42bd-90b2-991b963dbda7",
        "Georgia Dome, Atlanta, Georgia": "ec4ee2c4-d45a-42bd-90b2-991b963dbda7",
        "Georgia Dome, Atlanta, GA, USA": "ec4ee2c4-d45a-42bd-90b2-991b963dbda7",
        "Tom Benson Hall of Fame Stadium - Canton - OH - 44708": "f11aafd1-cddd-490f-ad3c-e23bed6f7a92",
        "Kennesaw State College": "dd38ee29-ca78-4ad0-964e-0867afc8ab79",
        "Gillette Stadium - Foxborough - MA - 02035": "bf0ba60b-cdd2-4711-ac2e-a54f434243b5",
        "Foxboro Stadium": "bf0ba60b-cdd2-4711-ac2e-a54f434243b5",
        "Schaefer Stadium": "bf0ba60b-cdd2-4711-ac2e-a54f434243b5",
        "Gillette Stadium - Foxborough, Massachusetts - United States": "bf0ba60b-cdd2-4711-ac2e-a54f434243b5",
        "Gillette Stadium, Foxborough, MA, USA": "bf0ba60b-cdd2-4711-ac2e-a54f434243b5",
        "Oakland-Alameda County Coliseum, Oakland, CA, USA": "ed074918-a495-43e7-b5d5-1905443b5ded",
        "Oakland Arena - Oakland, California - United States": "ed074918-a495-43e7-b5d5-1905443b5ded",
        "Oracle Arena, Oakland, California": "ed074918-a495-43e7-b5d5-1905443b5ded",
        "Oracle Arena, Oakland, CA, USA": "ed074918-a495-43e7-b5d5-1905443b5ded",
        "Oakland Arena, Oakland, California": "ed074918-a495-43e7-b5d5-1905443b5ded",
        "The Arena in Oakland, Oakland, California": "ed074918-a495-43e7-b5d5-1905443b5ded",
        "Oakland-Alameda County Coliseum Arena, Oakland, California": "ed074918-a495-43e7-b5d5-1905443b5ded",
        "Rexall Place, Edmonton, AB, Canada": "31cb1887-639c-4f85-b066-1566781b7a59",
        "Hard Rock Stadium - Miami Gardens - FL - 33056": "dea3e07a-aeb2-41c7-83f5-867333d30315",
        "Hard Rock Stadium - Coral Gables, Florida, USA - United States": "dea3e07a-aeb2-41c7-83f5-867333d30315",
        "Hard Rock Stadium, Miami Gardens, FL, USA": "dea3e07a-aeb2-41c7-83f5-867333d30315",
        "Guaranteed Rate Field, Chicago, IL, USA": "0faaad8b-0ca0-4cdf-b0e4-58a308e6c32c",
        "Guaranteed Rate Field": "0faaad8b-0ca0-4cdf-b0e4-58a308e6c32c",
        "Highmark Stadium - Orchard Park - NY - 14127": "f0fbd29e-33e8-44b9-b73d-6dda987a06ca",
        "Highmark Stadium - Orchard Park, New York - United States": "f0fbd29e-33e8-44b9-b73d-6dda987a06ca",
        "Highmark Stadium, Orchard Park, NY, USA": "f0fbd29e-33e8-44b9-b73d-6dda987a06ca",
        "University of Minnesota": "fc3c28fa-1b08-46b2-ae4e-010412a0d65b",
        "Minnesota College": "fc3c28fa-1b08-46b2-ae4e-010412a0d65b",
        "M&T Bank Stadium - Baltimore - MD - 21230": "a21a82a1-b5a5-468d-97e0-e25b0df84274",
        "M&T Bank Stadium - Baltimore, Maryland - United States": "a21a82a1-b5a5-468d-97e0-e25b0df84274",
        "M&T Bank Stadium, Baltimore, MD, USA": "a21a82a1-b5a5-468d-97e0-e25b0df84274",
        "Barclays Center, Brooklyn, New York": "ab3222a8-061e-4d79-9808-4d6330602069",
        "Barclays Center, New York, NY, USA": "ab3222a8-061e-4d79-9808-4d6330602069",
        "Barclays Center - Brooklyn, New York - United States": "ab3222a8-061e-4d79-9808-4d6330602069",
        "Acrisure Stadium - Pittsburgh - PA - 15212": "0a9cd435-1e78-4536-aa2d-3d38b572ffa1",
        "Three Rivers Stadium": "0a9cd435-1e78-4536-aa2d-3d38b572ffa1",
        "Three Rivers Stadium - Pittsburgh - PA": "0a9cd435-1e78-4536-aa2d-3d38b572ffa1",
        "Three Rivers Stadium - Pittsburgh, PA - United States": "0a9cd435-1e78-4536-aa2d-3d38b572ffa1",
        "Acrisure Stadium - Pittsburgh, Pennsylvania, USA - United States": "0a9cd435-1e78-4536-aa2d-3d38b572ffa1",
        "Acrisure Stadium, Pittsburgh, PA, USA": "0a9cd435-1e78-4536-aa2d-3d38b572ffa1",
        "High Point Solutions Stadium": "660c09a2-e123-4ce6-9f31-d1b2724126fa",
        "HighPoint.com Stadium - Piscataway - NJ - 08854": "660c09a2-e123-4ce6-9f31-d1b2724126fa",
        "Brunswick St - Australia": "096d6dd1-0533-408d-a403-58fdf3e4cd53",
        "Corio Oval - Australia": "c1f043bd-b908-4667-ae11-d42e1b4718a5",
        "Pepsi Center": "2d2de9a4-99c7-430f-9ae5-7c572df2ca35",
        "Pepsi Center - Denver, Colorado, U.S. - United States": "2d2de9a4-99c7-430f-9ae5-7c572df2ca35",
        "Ball Arena - Denver, CO - United States": "2d2de9a4-99c7-430f-9ae5-7c572df2ca35",
        "Ball Arena, Denver, Colorado": "2d2de9a4-99c7-430f-9ae5-7c572df2ca35",
        "Pepsi Center, Denver, Colorado": "2d2de9a4-99c7-430f-9ae5-7c572df2ca35",
        "Ball Arena, Denver, CO, USA": "2d2de9a4-99c7-430f-9ae5-7c572df2ca35",
        "Ball Arena - Denver, Colorado, USA - United States": "2d2de9a4-99c7-430f-9ae5-7c572df2ca35",
        "Ball Arena": "2d2de9a4-99c7-430f-9ae5-7c572df2ca35",
        "Lake Oval - Australia": "9f1770d8-4a9e-49a2-b446-08bb44c44105",
        "Kauffman Stadium, Kansas City, MO, USA": "19041e2d-a371-479d-a1bc-7264cbf80068",
        "Kauffman Stadium - Kansas City, MO - United States": "19041e2d-a371-479d-a1bc-7264cbf80068",
        "Kauffman Stadium": "19041e2d-a371-479d-a1bc-7264cbf80068",
        "East Melbourne - Australia": "56a0b392-918c-41b5-9241-937a6d519349",
        "St. Andrew's Stadium, Birmingham, England": "9d1f427b-4106-40ab-8708-de08bc1cd144",
        "Junction Oval - Australia": "9939510e-feb6-4e0d-aa10-e8f9f3d5f3a6",
        "South Dakota State University": "d749b0a3-f780-4d86-8c8a-e798272249a7",
        "South Dakota State College": "d749b0a3-f780-4d86-8c8a-e798272249a7",
        "M.C.G. - Australia": "395f6646-e37b-401d-af98-23f1df2af8ab",
        "MCG": "395f6646-e37b-401d-af98-23f1df2af8ab",
        "Melbourne Cricket Ground, Melbourne, Australia": "395f6646-e37b-401d-af98-23f1df2af8ab",
        "Melbourne Cricket Ground, Melbourne, Austrália": "395f6646-e37b-401d-af98-23f1df2af8ab",
        "MCG, Melbourne": "395f6646-e37b-401d-af98-23f1df2af8ab",
        "New York": "b53cc5f3-4827-4efe-a5f9-67a5d663553e",
        "New York, New York": "b53cc5f3-4827-4efe-a5f9-67a5d663553e",
        "New York, New York, United States": "b53cc5f3-4827-4efe-a5f9-67a5d663553e",
        "Princes Park - Australia": "60cc2b2c-393d-4035-8a4a-011ef5c96b96",
        "Ross-Ade Stadium": "a8cf2e14-c718-40be-a217-c669130a3f04",
        "Ross-Ade Stadium - West Lafayette - IN - 47906": "a8cf2e14-c718-40be-a217-c669130a3f04",
        "Punt Rd - Australia": "a1052505-7d77-4d4e-ae6e-18ca641b0833",
        "Windy Hill - Australia": "be43e7df-cebb-449d-ab58-9c1ff1ae1061",
        "Pride Park, Derby, England": "78ee8318-14b0-4b11-b1af-29ef72b3daa5",
        "Camping World Stadium - Orlando - FL - 32805": "8e146665-d362-496f-af4c-3d55166e2968",
        "Camping World Stadium, Orlando, FL, USA": "8e146665-d362-496f-af4c-3d55166e2968",
        "Target Field, Minneapolis, MN, USA": "acf65d25-2161-4d92-8153-fa345b470a26",
        "Target Field": "acf65d25-2161-4d92-8153-fa345b470a26",
        "Estadio Azteca - Mexico City": "8cccf2e9-113e-4137-bd83-6612c806c58c",
        "Estadio Azteca, Mexico City, Mexico": "8cccf2e9-113e-4137-bd83-6612c806c58c",
        "Highbury, London, England": "c7b513eb-e5d9-40f7-a917-8af41af51588",
        "Glenferrie Oval - Australia": "53c1a222-afe8-4c3b-b73a-a85a1c15673c",
        "Peden Stadium": "ea10c038-269f-441c-8fbc-b1c81177536c",
        "Peden Stadium - Athens - OH - 45701": "ea10c038-269f-441c-8fbc-b1c81177536c",
        "Dignity Health Sports Park - Carson - CA - 90746": "d27176ce-1e6b-457a-922a-2b25e657ac43",
        "Dignity Health Sports Park, Carson, CA, USA": "d27176ce-1e6b-457a-922a-2b25e657ac43",
        "American Family Field": "a2e9a49f-cbc1-451f-94f9-56bb224ed222",
        "American Family Field, Milwaukee, WI, USA": "a2e9a49f-cbc1-451f-94f9-56bb224ed222",
        "Arden St - Australia": "74032078-1b05-45cb-9d36-8e30e04488e0",
        "Vitality Stadium, Bournemouth, England": "d7467392-c862-4fad-804a-8c6df019768e",
        "Oakland Coliseum - Oakland - CA - 94621": "8d552ac4-4929-4c60-b346-ff752aca9cd4",
        "Oakland Coliseum": "8d552ac4-4929-4c60-b346-ff752aca9cd4",
        "Blinn College": "c9f1c69e-b394-4e4a-9126-63956eb4c62b",
        "Los Angeles Memorial Coliseum - Los Angeles - CA - 90037": "b8058648-2769-4b3e-a5f3-fbda691ba66a",
        "Los Angeles Memorial Coliseum": "b8058648-2769-4b3e-a5f3-fbda691ba66a",
        "Los Angeles Memorial Coliseum - Los Angeles, California - United States": "b8058648-2769-4b3e-a5f3-fbda691ba66a",
        "Los Angeles Memorial Sports Arena": "b8058648-2769-4b3e-a5f3-fbda691ba66a",
        "Los Angeles Memorial Sports Arena, Los Angeles, California": "b8058648-2769-4b3e-a5f3-fbda691ba66a",
        "L. A. Sports Arena, Los Angeles, California": "b8058648-2769-4b3e-a5f3-fbda691ba66a",
        "Los Angeles Memorial Coliseum, Los Angeles, CA, USA": "b8058648-2769-4b3e-a5f3-fbda691ba66a",
        "Wright State University": "da1f647b-9753-4544-8ae2-7db80937e033",
        "Western Oval - Australia": "0d3370d1-5e80-48f3-ac60-0e8af13e26be",
        "Tim Horton's Field": "92b4b391-66b7-4af6-9da2-febac3239c5c",
        "Twickenham Stadium - London": "fcce0a61-8e59-446a-8839-06df2131849c",
        "University of Texas at El Paso": "20b89361-bb34-41de-a5df-5114554361b1",
        "UTEP College": "20b89361-bb34-41de-a5df-5114554361b1",
        "Olympic Park - Australia": "6f4732ca-3711-4066-a7c9-453e1e61bb93",
        "Yager Stadium": "2d140dad-9fbc-404c-a814-6856dffa6d0f",
        "Yager Stadium - Oxford - OH - 45056": "2d140dad-9fbc-404c-a814-6856dffa6d0f",
        "SDCCU Stadium - San Diego - CA": "4789f86b-22ad-4aaf-97c0-3f49a2eb8902",
        "Qualcomm Stadium": "4789f86b-22ad-4aaf-97c0-3f49a2eb8902",
        "Qualcomm Stadium - San Diego, California - United States": "4789f86b-22ad-4aaf-97c0-3f49a2eb8902",
        "Snapdragon Stadium - San Diego - CA - 92108": "4789f86b-22ad-4aaf-97c0-3f49a2eb8902",
        "SDCCU Stadium - San Diego - CA - 92108": "4789f86b-22ad-4aaf-97c0-3f49a2eb8902",
        "SDCCU Stadium, San Diego, CA, USA": "4789f86b-22ad-4aaf-97c0-3f49a2eb8902",
        "SoFi Stadium, Inglewood, CA, USA": "1145772b-06fd-48d7-a155-0c9312d543ef",
        "Kardinia Park - Australia": "e0d0121e-fcad-4647-971a-f2031dafe9d3",
        "GMHBA Stadium": "e0d0121e-fcad-4647-971a-f2031dafe9d3",
        "GMHBA Stadium, Geelong, Australia": "e0d0121e-fcad-4647-971a-f2031dafe9d3",
        "GMHBA Stadium, Geelong": "e0d0121e-fcad-4647-971a-f2031dafe9d3",
        "Great American Ball Park, Cincinnati, OH, USA": "65673ee1-270d-4eaf-a887-3db34391293b",
        "Great American Ball Park": "65673ee1-270d-4eaf-a887-3db34391293b",
        "Yarraville Oval - Australia": "6a10ad79-7406-4de0-8870-881d6b6a4a6a",
        "Brentford Community Stadium, London, England": "f4bba906-7b47-4197-8905-71cf04eab3e5",
        "Candlestick Park - San Francisco - CA": "de17b32a-9591-4726-88c8-4b5e4d728207",
        "Monster Park - San Francisco - CA - 94124": "de17b32a-9591-4726-88c8-4b5e4d728207",
        "Candlestick Park": "de17b32a-9591-4726-88c8-4b5e4d728207",
        "Candlestick Park - San Francisco, CA - United States": "de17b32a-9591-4726-88c8-4b5e4d728207",
        "Georgia Southern University": "5fd66472-3d98-4028-bf9a-5cdc7b3bb7bb",
        "Georgia Southern College": "5fd66472-3d98-4028-bf9a-5cdc7b3bb7bb",
        "Upplands Vasby, Sweden": "42bb47f8-0447-4475-8e5d-2aa9040682b5",
        "Toorak Park - Australia": "485fbb3f-88a5-4655-965d-14a871dc8299",
        "Rogers Centre - Toronto - ON": "8c968395-1625-4fb1-9f90-ff44b9a88ba3",
        "SkyDome, Toronto, Canada": "8c968395-1625-4fb1-9f90-ff44b9a88ba3",
        "Rogers Centre, Toronto, ON, Canada": "8c968395-1625-4fb1-9f90-ff44b9a88ba3",
        "Skydome": "8c968395-1625-4fb1-9f90-ff44b9a88ba3",
        "Rogers Centre": "8c968395-1625-4fb1-9f90-ff44b9a88ba3",
        "Bill Snyder Family Football Stadium": "adbf816a-e885-4477-a484-08f310b58967",
        "Bill Snyder Family Stadium - Manhattan - KS - 66502": "adbf816a-e885-4477-a484-08f310b58967",
        "Yankee Stadium, New York, NY, USA": "41e253f5-9197-4168-8970-cd35f5ba4562",
        "Yankee Stadium": "41e253f5-9197-4168-8970-cd35f5ba4562",
        "Yankee Stadium - Bronx, New York - United States": "41e253f5-9197-4168-8970-cd35f5ba4562",
        "Yankee Stadium - Bronx, New York, USA - United States": "41e253f5-9197-4168-8970-cd35f5ba4562",
        "Yankee Stadium III": "41e253f5-9197-4168-8970-cd35f5ba4562",
        "Euroa - Australia": "d2ee3c9d-140e-498c-aaf5-8e7d547c5cbc",
        "Aloha Stadium - Honolulu - HI - 96818": "9961d10c-97bb-4d6c-a89b-544a6e001c7e",
        "Aloha Stadium, Honolulu, HI, USA": "9961d10c-97bb-4d6c-a89b-544a6e001c7e",
        "Cardiff City Stadium, Cardiff, Wales": "b57f7d58-dd32-45a4-9856-a0cab5251a1b",
        "North Hobart - Australia": "ff625519-3999-40f8-af8f-03aed7e1b705",
        "University of Arkansas at Little Rock": "068f05b6-fe45-4616-a7be-5e54dd2a2ddf",
        "Texas Stadium - Irving - TX": "b504fdf1-6d5d-4dfe-b3c5-d029861473a9",
        "Texas Stadium": "b504fdf1-6d5d-4dfe-b3c5-d029861473a9",
        "Mlada Boleslav, Czechoslovakia": "5641734b-6f1f-4a97-9483-ac8d6798fd51",
        "Yallourn - Australia": "fbee3594-0fe8-4c6d-a9e4-602756a31e50",
        "Pepperdine University": "52e73134-3b79-40fe-addc-cfee949c2c33",
        "Albury - Australia": "c82c6277-7bd8-4364-9da8-e3897f71b3a4"
    }
}